customer_id,age,annual_income,spending_score,purchase_frequency,recency_days,avg_order_value,segment,pc1,pc2
CUST0447,37,65.3638449379297,27.809727613414974,2,58,76.22650091509243,1,2.5533691364832314,0.2634915207339451
CUST0405,34,49.23303261221428,27.34850898545593,6,61,50.132481692217944,1,2.621868017136863,-0.6008036365372367
CUST0510,55,85.05719373490058,78.8345543059499,22,1,121.9959954034125,0,-2.03313041956093,0.15749691919599956
CUST0456,58,70.89442908389283,71.31614744720088,18,13,160.79458036752493,0,-1.492082833616825,0.5459671887802885
CUST0202,47,86.82995697445048,61.668231692871395,9,23,227.33780695221495,2,-0.5276475661065168,1.621390897456052
CUST0024,19,47.729215798533154,94.73909820548369,20,18,99.58831674440094,3,-0.7976302228884794,-2.2927329322590277
CUST0416,31,55.33793073910734,37.12702583721639,7,72,39.49293290309632,1,2.621177774224933,-0.7669367450533432
CUST0549,49,73.50483073470411,80.96386202509247,22,23,113.32629625729673,0,-1.3901933540704863,-0.35557160161819457
CUST0067,27,38.817398283699426,79.79273985448333,19,5,89.00575398803889,3,-0.7206018060958486,-2.142772653750011
CUST0166,46,101.04264084299085,64.98193658138987,7,24,219.65697906551677,2,-0.46781291863260255,1.907933591481365
CUST0335,31,67.6250003630087,32.16767431247181,3,71,76.44703850716326,1,2.7774445378713635,0.06418918018516281
CUST0330,35,63.25641829699628,40.74548580566348,4,67,86.379307262927,1,2.2871673859429333,0.02519851491665877
CUST0001,30,47.003942802767014,71.36803991262342,17,14,71.15150130833644,3,-0.21619818523157813,-1.7715418067806676
CUST0532,48,71.35568379180903,83.12287895878437,17,14,157.865535153066,0,-1.4531831957357328,0.07021936003782964
CUST0233,39,122.90969015246918,60.664869413508725,9,16,219.708705911684,2,-0.5968556323709229,2.138954482711244
CUST0201,43,117.98408087887722,57.64704185771566,5,24,225.25945148910338,2,-0.17852230496993324,2.432174984943547
CUST0148,20,47.45839616701287,70.48096170938116,16,1,87.20070529649985,3,-0.22571934304194496,-1.9814725243572506
CUST0474,60,70.3230581547424,91.23120587404598,23,7,114.09092400405099,0,-2.308859161482605,-0.26157470436953933
CUST0452,58,81.66667129424246,75.11691991376398,21,1,111.17296942039908,0,-1.8786105490509866,0.1733232377042581
CUST0497,53,58.32709648401129,91.27259251964718,23,2,142.23251533666394,0,-2.308435291279212,-0.5841393178269265
CUST0014,18,38.43454145318631,84.50807708800511,18,1,83.55910150413025,3,-0.6128234454267657,-2.5566954618609294
CUST0511,55,70.71731930387021,84.5396260900014,24,1,148.31231948219573,0,-2.3602376228656015,-0.1155112266774985
CUST0269,43,114.75803473332229,50.12390238272573,5,21,221.8480721017673,2,-0.017135320903630562,2.405281554368804
CUST0359,36,65.27396534745924,45.25315036003015,5,73,73.45599295330697,1,2.2507447001454195,-0.07177972809854859
CUST0290,51,102.25324436109092,56.363329779003905,10,16,240.10675669034717,2,-0.8335056156805398,2.2523910966107326
CUST0484,46,78.66149268842841,74.14164772596257,21,9,129.03723758066772,0,-1.4595830474029035,-0.1328793187871055
CUST0430,46,56.398485881188705,43.06010951869538,4,60,56.048276758766264,1,1.9817099377308642,-0.06615999076493154
CUST0048,34,46.22980084756422,66.74028980498755,17,7,95.22251046058936,3,-0.44157017230255413,-1.410176965661802
CUST0224,41,100.85596069815614,52.46873240244158,6,14,229.2305122601958,2,-0.20644639805914963,1.961400375186868
CUST0186,41,113.44033317752856,68.11293444355255,8,12,237.81519082692347,2,-0.8845401551985111,2.0648430281484917
CUST0431,27,60.00422367085278,29.522961393919967,2,73,70.18714163157293,1,3.116587632417524,-0.2405029978924149
CUST0309,25,68.44845447252841,32.37105219400812,1,76,64.91731759264628,1,3.2040081817564063,-0.13543372224319697
CUST0121,32,56.530186312528926,94.4859833990559,18,10,82.34579158758926,3,-1.1046627835906146,-1.7108897056114354
CUST0251,53,102.06886120434955,49.65527637085561,8,23,179.45151560501145,2,-0.16218709389447664,1.9852363382522764
CUST0112,27,44.5237971515056,69.00286326529705,22,7,62.26383827504152,3,-0.5169061388067594,-2.2071813447799027
CUST0294,44,112.55825547314029,64.52517019829074,8,28,230.070101146757,2,-0.49432806880446634,2.190936681325436
CUST0066,36,51.07175376394614,74.79023622491331,19,8,62.716594404445416,3,-0.6932037118815945,-1.6726467704699732
CUST0478,60,69.65776354824891,85.59374977028027,20,1,98.41529587239513,0,-2.0133432747752007,-0.25054142178597344
CUST0574,43,90.89820799384647,79.13576496202411,23,8,132.91077915408812,0,-1.7485275786367287,-0.0499584489322532
CUST0450,34,66.54311726420023,42.37320089539568,4,86,79.93399979303115,1,2.6768496484939517,0.06854207387786315
CUST0336,37,64.10468336077834,30.41118581682479,4,67,50.614840687556814,1,2.656143810788515,-0.062033359841682685
CUST0208,47,101.57267549461075,58.35215207492836,11,18,248.49822902342822,2,-0.8472293556107272,2.10928429149696
CUST0420,32,67.40972321793274,33.02379439403202,6,63,69.38446400469002,1,2.3930332495399873,-0.12368887266417883
CUST0133,21,57.68813452916282,75.84474532444354,19,11,77.65840836222667,3,-0.39182876075852113,-1.9202084782343483
CUST0050,18,35.85623761735501,76.29242278630522,15,13,85.44634209243618,3,0.05568111953335202,-2.3391779640076327
CUST0316,29,60.71664545004199,30.89429146822732,6,72,53.87848741259669,1,2.8082417555604144,-0.4670367512208608
CUST0258,48,128.01948644275447,54.92704802684637,8,37,234.2931182080441,2,-0.25217888835657104,2.903635040417472
CUST0459,49,84.43780166688568,90.66152843109658,24,19,130.28228574610898,0,-1.9858297388615789,-0.15467488915792033
CUST0060,33,75.82185192523777,71.38215245158142,16,6,71.58089046670744,3,-0.5308717529258359,-0.9468104648346718
CUST0424,36,61.57852565924477,33.550206614255174,5,67,51.91737215710893,1,2.538609730981218,-0.22605693718442205
CUST0434,34,41.630552374902095,42.14077870639447,3,62,70.97806056432444,1,2.412950955915408,-0.6715128237118219
CUST0163,46,119.19012560297682,49.25274187544642,8,19,188.17217651487107,2,-0.18730623085900194,2.218781491305118
CUST0042,29,51.85119035458778,79.94949769193529,20,21,88.11531530744666,3,-0.5683338317233884,-1.7373592462116114
CUST0554,45,87.16804981727503,90.5648844798335,24,4,167.67334827376635,0,-2.375222365256931,0.033411035563426394
CUST0540,53,71.86023115151302,83.14870349204128,23,6,127.59459878432754,0,-2.019086900788241,-0.2619940929445495
CUST0589,65,65.9583702026086,85.78777519228183,20,1,148.5937600966234,0,-2.3410229252438213,0.267115464135933
CUST0546,46,65.81846888147466,92.235719453262,23,1,134.69698210019732,0,-2.1878897863263385,-0.7317609085718852
CUST0136,37,29.383297603819983,78.5927582433582,18,11,112.7006098860405,3,-0.7971193554706499,-1.735284714375832
CUST0063,21,52.63201410794562,77.12991881234514,17,7,106.704668265306,3,-0.4744331629441305,-1.7486037461805501
CUST0396,32,68.96824533859578,29.704142577627128,6,76,48.22857137808445,1,2.8334677939413204,-0.17559258034518707
CUST0496,50,106.40990165149061,65.60046977138018,18,18,159.02731060090343,0,-1.2137253012150169,1.2054206597223684
CUST0502,61,71.60610933281565,76.32447198057963,22,2,120.59029831073046,0,-2.0213971977325773,0.0654602725495015
CUST0091,28,38.6598340925384,70.81268262921314,19,5,84.2580443552135,3,-0.4928964248780158,-2.040364655977877
CUST0234,44,113.62827441211184,62.653618534356674,6,25,215.45230325748588,2,-0.31411860074643855,2.180054366761013
CUST0198,40,94.01439452374314,48.840214151530866,6,27,209.83382544212722,2,0.29964105362839044,1.6867363554383423
CUST0593,60,75.57629489026996,81.20724559806985,24,6,164.55458128157184,0,-2.3869222304666184,0.3831933635463401
CUST0018,29,60.17434386123158,75.51786594725235,19,13,111.56200953453265,3,-0.6964304807529145,-1.2692855429628103
CUST0403,42,54.73506808739795,40.75806353718546,5,67,67.66188132791392,1,2.1727766009008027,-0.1329154795782823
CUST0559,57,84.08496117746355,85.6048273029003,24,3,128.3030792122639,0,-2.3724599416795145,0.10622906816286758
CUST0312,35,62.28443259886126,33.69765675142165,4,82,61.28530742105038,1,2.894483970252077,-0.06859742746467075
CUST0407,25,56.190233011642725,46.87292822828772,3,93,43.6209914940703,1,3.202814688620535,-0.8097521029715257
CUST0519,48,75.78454031631156,83.8021129379804,20,8,149.1927800464024,0,-1.7829253014295356,-0.04345687778299103
CUST0093,23,49.03989823184366,67.43813434383486,19,1,68.15916967656553,3,-0.348638605053324,-2.0772002195351233
CUST0293,51,105.18905884839029,58.4955053579708,6,24,217.5980080665004,2,-0.36604636714148286,2.289859261880186
CUST0466,39,72.53753223088893,90.30703080815454,18,8,109.94911841686104,0,-1.4080472188984365,-0.7863739463181127
CUST0030,26,66.76135333271695,83.02676407411424,20,16,94.31008146326018,3,-0.7786735966417906,-1.4836044619005657
CUST0375,42,35.8439027534334,28.318856786959817,3,72,66.14644193939246,1,2.830996876624062,-0.3581568321982032
CUST0086,24,50.07135217854409,79.20315029180966,18,13,88.5132209880478,3,-0.4514173670693819,-1.901370822641121
CUST0583,61,80.85993682223842,68.1503895724406,17,9,158.8055125321639,0,-1.5390105339770919,0.9427647982418693
CUST0443,36,64.97765715234722,50.81152467612388,1,68,59.41039068558553,1,2.338772905058279,-0.13397201351079605
CUST0248,48,98.47959293924565,52.67780364649079,9,41,227.51641254909768,2,-0.004793177728497277,2.126069643408477
CUST0174,40,99.73606220649144,58.31039277961199,4,17,206.16384723252247,2,-0.027424394633609926,1.7161495588729616
CUST0500,50,77.29863123522408,91.57797538916182,22,3,124.64990298730193,0,-2.1708254617018867,-0.33902667803490066
CUST0592,42,79.81694656313987,64.98218063718804,17,1,139.06181334382777,0,-1.0717010007618868,0.0751755888427516
CUST0463,54,66.18166280130862,71.702691451326,21,21,132.35040592369788,0,-1.2948539319798704,-0.0468261830804942
CUST0560,48,66.14965190070693,67.04146928374269,24,21,110.51175454831264,0,-1.1377908927617504,-0.5082981541629116
CUST0089,24,39.70570828185289,85.60339070548841,20,13,99.76483597714875,3,-0.7499258132312784,-2.2151931934768343
CUST0286,54,117.52616950390572,52.303312231055685,9,21,198.13672750802604,2,-0.5214166972038912,2.4815190637437534
CUST0260,41,107.40134893193103,58.79758586303962,9,22,239.7237168037607,2,-0.48425640915177703,2.0491653037536297
CUST0173,45,110.61457512848204,60.070215047456784,5,23,214.12362776434267,2,-0.22516541243536753,2.193344381857505
CUST0586,50,67.3196296377643,85.544017043579,25,12,110.59738562193857,0,-1.9222457327066969,-0.7103961362641248
CUST0238,50,100.17913747890407,59.06393061530035,11,22,203.98295617631211,2,-0.6534848537806519,1.8062822794162434
CUST0570,40,77.16045886713138,95.24325690470636,23,1,143.5602633214197,0,-2.2138854427243158,-0.6295210786213004
CUST0161,43,116.17358968518676,45.04909411686972,7,15,239.75672601009796,2,-0.2328419062257391,2.556376724434888
CUST0004,37,46.85802957728803,82.88296212346772,19,18,100.80462694911759,3,-0.8631604110753495,-1.4736872323893402
CUST0440,35,71.61974027576596,40.49054765565361,6,70,69.18703191020404,1,2.254468958582485,0.01999047325257604
CUST0010,31,50.25242886907064,76.38245878052885,15,19,95.50464819113488,3,-0.25176157601225235,-1.412014162774789
CUST0190,41,108.42920120732018,68.0271729850283,6,2,216.11642539443883,2,-0.8349293154218796,1.7944759124398248
CUST0374,39,49.529436807047105,36.21406393798992,7,58,81.15688717805256,1,2.005597500331646,-0.3078077478249974
CUST0518,54,80.34923843806325,82.14721304626751,20,6,136.3659090679152,0,-1.8938413432690913,0.18557142206277902
CUST0503,49,70.44133657408993,79.69161043299437,22,8,130.67834063499973,0,-1.7303757849422925,-0.3241786645293488
CUST0441,36,62.61395811681856,35.847155624921875,1,64,44.74975307135254,1,2.715290962337166,-0.1481774067682111
CUST0196,38,109.35426735913134,45.20847786590195,8,28,249.08393498587427,2,0.07936456800694987,2.300672109740572
CUST0596,45,75.6198441481509,85.76035349894562,19,1,147.1966130560109,0,-1.8284936495159698,-0.18508971909280297
CUST0108,29,39.33864427504975,76.86096411982965,17,22,92.07123334579606,3,-0.22048993828100022,-1.8521009116847005
CUST0329,34,53.81697865741113,40.72305052352995,5,78,64.20954606735205,1,2.6160742212170853,-0.4281188028432133
CUST0219,44,111.60879237371974,49.115760459281866,11,12,230.6417772570856,2,-0.6332909942791624,2.18534735946247
CUST0181,41,107.21078292473713,50.54006571993733,9,26,226.05595135504913,2,-0.1284651001206178,2.0448782973421884
CUST0351,31,54.598573800204946,33.59316476454343,6,62,31.85170940937189,1,2.608891307556901,-0.8074677416729265
CUST0261,52,90.00475428101142,54.79978433003885,7,22,244.5994679405709,2,-0.4487172870718745,2.185162638526275
CUST0070,24,45.65499311509058,71.81592172915627,19,16,100.98220562598027,3,-0.3003272571329809,-1.8376437014358544
CUST0041,32,41.42788038346383,71.42223683546855,17,5,91.44427328698879,3,-0.5147139752648989,-1.6978548441138146
CUST0397,33,60.00165651934557,38.40709764954428,3,67,54.442378521149564,1,2.619296301981378,-0.3334114636493513
CUST0488,54,86.10670222566759,83.36371016797257,23,3,139.97390743452613,0,-2.235228996977064,0.21519231187014431
CUST0120,32,46.04592461828873,78.54014785128088,17,7,115.15306808149525,3,-0.7821282554827451,-1.4610690645811324
CUST0006,26,39.28518865578906,78.93861906647025,16,23,124.48573097256086,3,-0.2538689826049312,-1.6651552903997473
CUST0225,42,123.06745225840876,64.70478159983347,5,28,205.96841946933108,2,-0.19268807707349522,2.2831341798455824
CUST0160,57,107.03508534331115,68.99661394549551,8,36,237.0981784169357,2,-0.7617212659696784,2.5571992460540787
CUST0039,20,38.22565025545276,81.30345163420499,21,1,83.94751432812029,3,-0.7835726506184549,-2.562921708164578
CUST0193,48,115.82103634909583,50.34655268841085,12,38,233.06945946185866,2,-0.32043257524449253,2.5003888189996117
CUST0083,36,45.36457471923051,61.008834205521545,17,3,69.93788849871898,3,-0.3113307615129332,-1.5219239443787922
CUST0569,54,60.435173595611865,90.3896570113325,22,1,133.36509485167124,0,-2.2344361687062513,-0.5273310888514692
CUST0348,29,52.94500279017826,28.372023801758033,6,68,63.16925538419209,1,2.7872193510776446,-0.5619700918332319
CUST0545,51,77.59245622577248,75.08893631528187,21,20,150.64744675029306,0,-1.465744639804153,0.23706772009260152
CUST0035,32,43.21229771739319,85.800957867342,16,1,93.3968567189656,3,-0.91619204472582,-1.7925912171979825
CUST0068,34,43.10545114607993,78.10073920625436,16,20,98.34446193435156,3,-0.39315322794905394,-1.5113783869659658
CUST0125,31,37.14793079161639,83.16300759668118,19,9,84.50309540689304,3,-0.7930442460039537,-2.105408305077029
CUST0040,29,32.88122220251309,73.4902035775682,19,1,60.085585997260125,3,-0.5349500506959098,-2.4030365118407704
CUST0439,41,56.374012727815895,31.743709496585755,5,60,71.35183019980472,1,2.2585906845794104,-0.012374287314784613
CUST0415,24,62.12289879519703,31.23966281792399,2,68,66.94809438148684,1,3.0451246126625167,-0.3646382890181553
CUST0541,55,82.97256408463558,67.45616619690276,22,1,134.96276956923367,0,-1.7876927856631701,0.35902100551689436
CUST0352,45,58.84385063427586,48.29176132582415,2,63,69.29567168949204,1,2.0000242944294655,0.0960188695714995
CUST0363,39,53.846861201701614,38.985773987974284,4,73,56.97762699078723,1,2.5348185238569045,-0.27002298802552055
CUST0389,32,59.79540550246404,31.566044637610705,4,70,44.512141447086904,1,2.857999857612301,-0.40177719034734904
CUST0308,38,85.10198826927996,40.107135404867066,3,76,60.050632598957414,1,2.493990767672569,0.5232456543872569
CUST0524,42,74.48649458313201,95.05485519271286,23,19,154.43749547351416,0,-1.917747968837622,-0.45724779472682847
CUST0032,39,38.14273954866974,70.82196502811335,16,20,64.96983461934849,3,-0.15732504657778734,-1.65098704715426
CUST0365,42,66.63579873545399,47.64432549254699,5,76,68.98191584342865,1,2.1191352789548366,0.11997144372074414
CUST0096,19,42.323990113272416,74.24659478316237,16,5,92.38676896012224,3,-0.21243298935854174,-2.129576789397483
CUST0246,43,110.12463238065175,54.20888277447086,6,16,223.57553474102178,2,-0.2787031866760106,2.1977987393503224
CUST0278,45,109.213282985642,53.84729955422708,8,35,219.44444804427383,2,-0.0361571689334255,2.213014903523463
CUST0075,18,41.22454507368453,95.22545966009245,16,1,78.31746217898842,3,-0.7426997723778999,-2.5890811564439002
CUST0259,51,117.85412389593276,63.68716452665262,10,27,244.1841738698297,2,-0.8869838972971069,2.6220997323062045
CUST0313,44,64.16897942703471,35.327353403165766,6,61,46.11863060910619,1,2.118935932831291,-0.01011615873849912
CUST0062,26,54.08452512144479,90.26191130402063,17,3,78.40403412588738,3,-0.8991391891747549,-1.9559349271065751
CUST0551,53,84.64795613237453,76.3448594561012,23,8,122.02818172961177,0,-1.841236238842421,0.09575782791373305
CUST0215,44,111.20335124114861,56.35488659228862,6,30,211.97007721069116,2,-0.02140754435197545,2.1882565820149384
CUST0077,28,45.514240152763705,84.97856509376543,14,1,108.69358218596068,3,-0.7404159613440374,-1.6603552972314417
CUST0438,37,58.81775744946023,27.368484644826843,2,77,36.966418151893414,1,3.1636473610189,-0.15512433837471526
CUST0305,24,55.23470964765206,25.484704857061377,1,83,46.9756090218545,1,3.693783162322323,-0.536838931275096
CUST0547,55,75.6816755970712,90.33379731247081,22,9,140.30598693788374,0,-2.195993283838371,-0.026104842145501614
CUST0069,30,41.11709161736717,78.78140878839065,18,1,86.23425983913137,3,-0.781816407031387,-1.9673429414876367
CUST0473,45,58.303783851183454,78.70858714307198,19,1,130.78387735746225,0,-1.4908780183509207,-0.6633971301990959
CUST0005,26,47.34457978638945,77.83278724828682,16,11,70.75901666752085,3,-0.2794558597643811,-1.9630298649152065
CUST0188,49,111.91031327221211,50.571294066336044,11,20,223.0173948380926,2,-0.5936829539903539,2.3193266571614815
CUST0435,50,55.59570520406733,25.31062456575375,4,66,65.02587043626177,1,2.4295347553686915,0.37807132955778916
CUST0340,33,63.455380357391526,23.25979787398048,6,57,59.04713138076967,1,2.5591499796278185,-0.17616993418038085
CUST0180,44,116.80177393690795,72.68418401273081,11,16,213.52569530922926,2,-1.1054102253817202,1.88882620092666
CUST0020,19,38.970110685140085,76.95885556505853,16,9,112.18672836995393,3,-0.26904221431747,-2.0594291670898355
CUST0556,41,88.97890558332446,84.89133853818483,22,1,129.51579083425796,0,-1.9010678926054443,-0.25791829196138777
CUST0486,48,71.00215859078696,85.57498000642158,24,1,122.27172409287635,0,-2.1044659756131727,-0.596017988654587
CUST0118,20,33.55886897631494,78.92539707434287,15,9,90.01685184980538,3,-0.15230796319064113,-2.3328372065921665
CUST0369,28,65.08334424167381,33.12784112714415,2,75,66.85920606922862,1,3.0310919960530867,-0.14570336045126486
CUST0079,28,39.27757032592025,95.51842346574138,18,15,78.69719774356214,3,-0.8296362491748543,-2.3016961044999062
CUST0461,47,70.75028564313921,81.25091049008664,20,1,155.43584316716297,0,-1.8414134659781265,-0.14466341087850276
CUST0058,26,49.11028760729767,75.6907308886389,16,7,77.81877067504784,3,-0.34721441059463837,-1.8480652805055
CUST0379,24,61.677275322197005,51.18884975383712,5,59,53.354339683072766,1,2.2039763548756386,-0.8907581949061882
CUST0043,27,46.71274995304163,79.95973256886978,18,5,89.0736825579306,3,-0.6959494524578254,-1.9121134488376108
CUST0526,50,77.01792317141341,96.54449538046259,20,1,112.3918005338654,0,-2.1489823580107887,-0.44358284519875096
CUST0296,50,113.52379790368319,43.12081625240077,12,28,208.72046002391772,2,-0.27369510354672416,2.3566776182229554
CUST0082,30,46.7316687166558,73.20485883644783,14,1,71.22022080273703,3,-0.32883841551257953,-1.7353972794689827
CUST0134,30,35.097476009385204,83.7403380463677,22,1,100.66241315603608,3,-1.2143985097368168,-2.206602851490952
CUST0243,43,108.79955530373978,54.95143270768085,8,28,221.05078244669772,2,-0.16653752946705302,2.104070962173543
CUST0465,54,78.26885846161414,77.33120538923197,19,2,132.62930168400885,0,-1.7589735078390774,0.18509050940446142
CUST0162,46,87.2116590349594,49.45675841763274,9,23,218.22897209513383,2,-0.15207618538743153,1.667956447637156
CUST0533,44,67.8860733741734,66.26344237130279,19,6,128.44853163564574,0,-1.0800655079285384,-0.31057196506771434
CUST0567,54,77.82003974685503,80.44584694417185,20,11,133.43612032308553,0,-1.7209989785371442,0.13897803350536117
CUST0530,54,82.88359748492175,80.01177105540441,21,1,114.23035132540983,0,-1.9265206716153713,0.0255899225664555
CUST0262,46,128.32754058072592,61.5421303936023,5,12,231.13191236607838,2,-0.6771577171090534,2.7485158496965285
CUST0387,30,63.139327737430136,23.60834278039884,5,66,62.85953386897536,1,2.862925879077956,-0.18908923302876654
CUST0242,32,121.00565450649296,74.94399613946233,10,1,217.46767415214984,2,-1.1541548818948628,1.5482167736104486
CUST0401,39,66.60078611734107,49.43478487829395,6,74,46.38365729779619,1,2.1354930313634006,-0.25132626543240744
CUST0287,37,102.14010085169352,50.09277869167248,5,17,215.36186384425204,2,0.13624388630729076,1.8101163708298031
CUST0380,30,56.06691051494362,35.05439875647998,5,75,52.80760548901135,1,2.835028268724137,-0.5557062903905188
CUST0315,33,64.44483572802758,40.92659476336101,5,78,46.56980516455464,1,2.660201855649949,-0.35767994330967245
CUST0140,20,40.01840384143525,77.55561840882704,16,16,101.63055370874362,3,-0.12199931784461504,-2.0688218877017728
CUST0158,49,119.38183215407491,49.69679265959242,8,32,239.7639630341194,2,-0.22781131410206523,2.8200659470923193
CUST0017,21,51.57648127995592,83.45562377035971,19,8,84.47517264254557,3,-0.6493711944000284,-2.1174480903671973
CUST0575,51,82.29090177739778,80.88482239469413,20,1,110.94908366931952,0,-1.7909616101660975,-0.09680117467565001
CUST0237,54,119.51576391139713,40.31035701517363,7,26,204.1947637128047,2,-0.010118342962889609,2.827803554623394
CUST0395,34,53.420640540942394,36.51764934088317,1,59,43.655504439864174,1,2.6924706389337474,-0.4824033400030128
CUST0268,42,114.51127296041888,52.55820236516266,8,18,217.36171281351494,2,-0.3006716762541597,2.1671656614391037
CUST0103,25,61.977249576101066,78.04194959774547,20,2,75.43919309040223,3,-0.8116245194252141,-1.7919419180230864
CUST0053,23,53.66440994540221,84.86127698561616,15,5,86.44181165411474,3,-0.5434575778350552,-1.8525249914344684
CUST0346,28,68.56120190653142,46.91890750881666,5,72,26.29665999023092,1,2.5714903198232295,-0.7079181317860995
CUST0565,62,84.7846645367626,85.11182983481747,23,1,144.37578729763064,0,-2.528506933265592,0.47756225586509726
CUST0147,20,52.196799003466005,80.93278596877478,17,9,82.49322879524719,3,-0.3980975869397769,-2.042731474980446
CUST0256,47,118.07853671474108,47.812256145671704,4,17,240.60487817744436,2,-0.16843885097402142,2.8428951121274855
CUST0483,55,70.1450785771426,85.62806970043574,19,17,124.58034157049065,0,-1.6091667156389546,-0.09179453759691009
CUST0468,57,67.90655262173235,59.342755215115446,22,1,131.97891950157936,0,-1.5411334352669337,0.13618016144063216
CUST0542,48,71.26803696617442,88.07769836387335,27,1,151.76502157197004,0,-2.502815837517071,-0.48252110264620357
CUST0129,28,45.55841667992015,86.46739589479671,15,3,84.75365655890872,3,-0.7004281778081355,-1.9144998978330148
CUST0274,57,109.49925497680383,58.892013150609614,8,19,222.91911182855864,2,-0.8059971177511288,2.5544747452650802
CUST0548,41,51.070912232794214,86.6683544240951,20,16,151.99811288917905,0,-1.411470098297992,-0.8800483855132459
CUST0451,54,70.61384964059938,66.73753953698088,23,7,122.83531626093992,0,-1.5745271662875746,-0.09035032753085079
CUST0111,18,37.58455622737534,83.69291902471112,18,9,88.04384531276949,3,-0.44100700809453697,-2.4975939196191934
CUST0525,49,75.73401987558698,76.13573603580808,22,1,121.2732694991192,0,-1.7694875836670831,-0.25861203005396655
CUST0324,31,61.5578895577502,32.89687336633386,4,69,59.24693074437383,1,2.7542069034339454,-0.287985945537936
CUST0529,51,87.62494446049747,83.87219563482519,23,9,102.5247662919096,0,-1.894326000641122,-0.16008483864908113
CUST0347,42,59.78782992600752,22.192768172187876,4,72,50.89949557852055,1,2.8696189148807223,0.13498958221257595
CUST0436,25,50.23430059268673,40.846112952532195,2,67,64.74233935774167,1,2.821499932479051,-0.7622635574841058
CUST0361,34,47.13952108504821,26.108336344503744,3,70,69.77282987009258,1,2.9689546375416342,-0.31683499414265864
CUST0423,28,60.7092607276915,40.9535357719995,4,72,63.90663395000334,1,2.6664083146535558,-0.46425064266805666
CUST0143,18,40.285081944446304,61.46046319968099,18,3,101.00012034383731,3,-0.06524121342574767,-2.067729458657038
CUST0566,56,72.92916479704135,84.01178887152409,25,3,130.7749146527662,0,-2.3313982031039004,-0.20062628063503482
CUST0007,37,59.926196089158054,88.2213191663074,17,1,92.39976851321333,3,-1.2450588818116979,-1.2810334357976605
CUST0285,42,102.0829749074373,56.18933965761689,8,22,221.23659629401755,2,-0.26670732305708494,1.8664351161578714
CUST0012,25,51.296676829939614,86.79021481589751,18,7,86.83014721968043,3,-0.7937576296747422,-1.9675046844892647
CUST0307,36,42.91460628817043,27.79503412281705,5,59,20.463783914746834,1,2.7490139980777135,-0.9141445746925008
CUST0263,57,98.88342026589123,66.12166039213851,7,32,221.1315045835239,2,-0.5933927325287358,2.2785840101904573
CUST0371,28,60.47946104213062,42.898676132712815,4,78,70.56759809737085,1,2.7132484835472197,-0.413249981936285
CUST0059,29,49.12038149044838,80.58174848270471,18,9,103.83634188360281,3,-0.7536358226337183,-1.646557063593068
CUST0522,47,80.96004250301824,95.62011726503684,23,1,92.60093769504883,0,-2.189008839757848,-0.7289390755904225
CUST0557,51,82.45753251408308,71.65486764993082,20,10,139.6081440261216,0,-1.4931907992292692,0.30345345042579147
CUST0475,63,74.75152853703278,67.04206640243663,19,13,119.24475776308095,0,-1.408736175737791,0.47639354947592144
CUST0187,38,118.24226763225474,68.42160651261153,10,29,213.0307405405241,2,-0.517132603584092,1.8472967098648
CUST0204,53,108.88328297475861,57.99245255878058,9,18,236.64549762934334,2,-0.8316511731665112,2.482946005264772
CUST0350,37,54.04077884154841,21.854489510766662,1,64,52.621463287406925,1,3.0576435724039563,-0.08135370809491292
CUST0476,52,67.72253266414533,78.89183379853593,20,8,110.73123601450047,0,-1.5461665831470828,-0.36797531855390825
CUST0284,48,97.43599517101458,66.92580909479962,7,33,231.40083945534403,2,-0.41275945481625015,2.003215631292634
CUST0003,31,39.559802227372074,83.9783488409861,16,14,70.36190120534,3,-0.4561526721765058,-2.042768271806888
CUST0102,25,52.34289557643821,73.20499981636982,17,16,76.66784321259618,3,-0.15076124388761183,-1.7871444362308455
CUST0521,50,69.24934089913016,71.84535602762641,19,4,137.54117211236223,0,-1.4568845814888238,-0.06113337003238533
CUST0364,24,52.480775191129084,44.12119230817013,4,60,59.90218027155813,1,2.4904694442184914,-0.9297569303835376
CUST0460,61,76.55286104762686,78.23100278545697,22,4,112.42518479023657,0,-2.0172455767202266,0.10064919108528808
CUST0105,27,32.845040272367896,74.39947622816605,18,1,106.30756371984782,3,-0.6438983761557379,-2.0504837702186705
CUST0555,51,67.4086678334013,76.16318024154073,22,8,102.39883383241371,0,-1.549758551654538,-0.5265183280164434
CUST0362,39,53.89820177147028,36.97203822745604,7,75,42.93471494362775,1,2.485481924513054,-0.4725928894734063
CUST0366,25,58.44939088981757,26.87924646537705,4,77,70.02510733077122,1,3.188585191582604,-0.38039519989842435
CUST0226,33,100.8292368558505,56.13373530911924,4,24,236.2897317426255,2,0.20661647357368815,1.8059024476778047
CUST0019,22,43.036895071977035,80.59333081990754,16,11,75.5954941331835,3,-0.25331077407926633,-2.2044321093062678
CUST0169,42,106.25839038950487,48.31722357392194,7,16,232.6093003975683,2,-0.1917805340592008,2.179398335186299
CUST0494,55,76.72317204365031,83.79373123432634,20,14,121.97024931148512,0,-1.7132314381728986,0.019441775221162045
CUST0568,54,70.43718906869056,75.9536679987331,21,6,146.11477019073342,0,-1.796928102876485,0.06465176809580192
CUST0122,22,33.51310279056449,92.04272673954563,21,1,73.0255413319232,3,-1.0367590822770758,-2.8339646102004346
CUST0422,39,69.88904577444974,29.81966555491873,2,93,68.7303985062709,1,3.191715935260073,0.49330069577588087
CUST0454,58,76.76433141611093,97.10150125872153,21,1,121.59088544729035,0,-2.4642632797833564,-0.12975549470424522
CUST0507,53,71.67044476091797,77.55562576410507,20,5,134.84461755426503,0,-1.7233746068652251,-0.023061871854718582
CUST0537,47,70.16815499224616,81.54729208880083,24,1,140.1842048164335,0,-2.051149789672138,-0.4482029634716369
CUST0404,37,57.57019176978668,24.65381633703069,1,65,75.45870878436085,1,2.8893927347677737,0.1708761904179394
CUST0598,46,65.065915396147,76.30260908659164,20,1,145.1070000470974,0,-1.6171386150788718,-0.34734549098367434
CUST0292,42,99.32779604065436,55.024368161227315,13,36,221.72539118721124,2,-0.2739710738339402,1.6792658134700134
CUST0081,26,39.15706694626291,71.2822252625538,19,13,64.83324233448585,3,-0.20752046644901687,-2.241488927881589
CUST0047,25,37.92914051039094,66.4153252680214,15,1,84.40667269215018,3,-0.11582771345292935,-1.9711410162001173
CUST0446,32,59.39388570771632,35.8348475001857,1,73,81.47050172746775,1,2.8549006246867474,-0.01904335747682022
CUST0275,55,103.96828328906659,55.51579531848096,6,39,208.8629412145293,2,-0.030496094152888915,2.423486191052031
CUST0094,26,51.926041553360974,92.65167012683483,20,12,90.73614619276076,3,-1.0204711566706883,-2.0129846612793814
CUST0214,49,113.96545510378084,47.63461125536507,12,32,232.7113251572563,2,-0.38921105319014404,2.4978020110245645
CUST0411,45,66.80718369734377,24.99673812824226,1,73,42.36608091562722,1,2.952419220763389,0.4259540785761983
CUST0107,39,55.13528919349298,69.45903656493924,17,1,72.51466640343656,3,-0.7016715617616431,-1.2653950502609774
CUST0116,29,35.017734544281204,72.01210770754757,17,16,79.18447660096024,3,-0.14328170253329675,-2.0322353087513565
CUST0489,61,71.91982550629709,74.2981394777231,23,9,116.1315382843285,0,-1.8737994008047218,0.0486542019224858
CUST0427,19,64.92616919816913,46.356824036109096,3,73,65.2447507094954,1,2.8082790690350543,-0.6960311246913344
CUST0360,36,67.50056110101247,39.461528485801,5,73,79.12312561918083,1,2.36364238929839,0.1033659589490739
CUST0037,29,48.78590099658836,71.39602242565991,16,14,97.50883231823356,3,-0.24878626333469345,-1.4986196859848788
CUST0334,36,66.89914777906208,39.734513069931026,2,68,78.35353323627942,1,2.462766275447915,0.1748594353135837
CUST0205,44,118.86546253390013,64.82135193978634,9,23,226.1472798539277,2,-0.6875772995160486,2.250013998626259
CUST0245,38,108.61542540572904,55.65463486838052,8,6,206.08970298714138,2,-0.45441703840933745,1.6971931082830718
CUST0222,40,119.49624244448304,59.87310496725742,10,14,216.10679983624124,2,-0.6778262069638118,2.0234932713785607
CUST0247,55,101.22979930483838,62.35261186390215,6,29,234.62796444673646,2,-0.5131763936496192,2.45423749398139
CUST0343,31,69.51130697179714,36.386733314963266,4,59,59.35764928032638,1,2.417251554123103,-0.174374036248691
CUST0377,31,74.40408945208682,22.13871178305553,1,68,81.05054955187786,1,3.0548832943433384,0.4597808772346872
CUST0250,48,103.22430921345338,57.57358244956811,8,19,235.01569138850712,2,-0.5760312568468992,2.198889951455032
CUST0123,36,54.30531001723968,76.00828681216741,18,1,64.31021157978209,3,-0.8249109407977422,-1.5835123672500655
CUST0165,44,107.10047246877494,52.64040257366378,10,24,239.45491819841664,2,-0.4227299032431985,2.1924214505921014
CUST0513,57,69.15234979427622,81.2529051288004,25,1,155.68060426026838,0,-2.4169158140770253,-0.016724860583712434
CUST0480,49,73.501367852749,82.27552809364673,23,11,150.79524095894266,0,-1.9052362931049396,-0.13497175952962048
CUST0240,45,115.60938193848719,37.77687525638014,9,25,245.65920058872888,2,-0.04573101875961504,2.7169569570313876
CUST0426,29,57.471417151783605,45.5704322581841,6,73,30.560614624911313,1,2.5703934590104187,-0.9252646532646218
CUST0485,63,53.01996125819812,82.47187377271678,20,16,114.8410267010663,0,-1.6844179932963252,-0.3124021250142746
CUST0501,62,74.63590203759006,71.02661042215627,22,1,147.70961368678218,0,-2.0640172592421444,0.4706536960434195
CUST0071,30,63.51726853338807,78.19608139407154,14,17,77.24067324849442,3,-0.23279929222263593,-1.2714815465542686
CUST0319,33,58.44073375717855,14.501330729637516,2,73,72.87676674984998,1,3.3523781428723467,0.14532095147204543
CUST0099,28,59.12363392224877,77.08368123797905,18,15,75.43390023623026,3,-0.4396099725972723,-1.6147166668501731
CUST0306,25,70.99550474536653,48.141383626047705,4,80,68.01943629183653,1,2.6526972812807714,-0.3419514076534591
CUST0552,68,81.21925882211609,88.8444452721657,22,9,106.48210861951816,0,-2.35226352260868,0.30245105929947735
CUST0031,24,50.00533878212005,77.90202581722468,17,1,87.66551501399881,3,-0.5956063280429555,-1.9024298109050477
CUST0376,43,61.47079635802956,51.71630977355819,5,75,47.08368134739644,1,2.090727613696498,-0.21365940701780037
CUST0128,24,40.19826498272964,83.48841167998751,19,10,88.35681927458347,3,-0.6426130426815281,-2.2481859872060435
CUST0002,27,47.77158567597581,73.51855167842425,19,1,64.724730915755,3,-0.5804384924817573,-2.070029535999996
CUST0302,34,70.09537200571194,27.783587565139918,7,71,31.801134222914325,1,2.7286830807354336,-0.2520241840703048
CUST0028,30,56.62827261725853,84.33330155170349,18,6,81.28722046672743,3,-0.8746719739755597,-1.6789512947614054
CUST0090,31,51.81946667836979,73.38477075470078,16,11,81.79016733661737,3,-0.3568050263822732,-1.5242777797291882
CUST0074,37,32.09827303048279,85.67416660868166,19,5,79.55742159340511,3,-1.039809113003888,-2.103719045096066
CUST0448,34,51.425142135678755,24.35749099408808,1,65,40.31671209852891,1,3.1536410211151127,-0.3858709503201231
CUST0172,38,113.81632661778497,57.47856568181622,11,29,214.49763382277968,2,-0.2890038033736514,1.8484853136160413
CUST0356,30,61.706349658983505,30.069108735684182,10,81,57.232119635162256,1,2.7010704455673533,-0.4871012164361325
CUST0409,27,62.1004906320154,32.495535755814764,1,59,62.577590096902966,1,2.8401398921467123,-0.3075275488611999
CUST0481,59,57.09415013340022,62.093381172696084,23,12,125.46729119526069,0,-1.4179309259355972,-0.14304706355050958
CUST0092,33,44.082108468264806,81.93535337205205,15,17,95.12229238249905,3,-0.4524313125994865,-1.5716224752415597
CUST0428,33,69.63107549735054,30.19661147409036,1,74,36.52795842956917,1,3.1425761097581626,-0.04518766240839918
CUST0517,51,73.59548843600628,96.03946457317794,18,1,118.06664398088677,0,-2.0324790363024765,-0.35941481288694926
CUST0126,41,48.69682779410616,88.94905246025878,13,6,111.91836795276681,3,-1.0154357931595233,-1.0803126482934458
CUST0582,46,85.17882800085414,81.69943484016414,22,15,149.97008592982604,0,-1.7201969383978248,0.09816071980070407
CUST0013,29,54.26876463205923,84.60333079190424,16,10,123.40126807403192,3,-0.8110072593415192,-1.3207662434642669
CUST0345,35,62.81158566033266,33.21438196292156,2,65,72.72646323307927,1,2.6365906621600286,0.05954862813692608
CUST0600,48,73.757927609402,74.82686218147833,24,1,126.58785610069889,0,-1.8610731685554678,-0.35807951083400963
CUST0386,36,82.07728031128862,47.267469610370604,5,76,76.07314728352328,1,2.1676409270325796,0.34941840762150794
CUST0239,43,114.77920055879886,46.173067150609015,8,18,234.25461387960362,2,-0.2363192150877618,2.4340428733769777
CUST0587,63,74.0183285312342,89.61239816459235,21,9,119.56457684204403,0,-2.2047049168356785,0.08856761113987607
CUST0453,64,66.16109765549984,78.69115573262684,16,6,128.08517977722715,0,-1.67024837163911,0.32168534540949373
CUST0442,32,62.40379487688663,39.67530384377987,2,59,56.33879289488698,1,2.4925140775597177,-0.30237941245536004
CUST0144,29,51.7968167761682,77.28703968389769,18,8,102.5394338566851,3,-0.6973349624475386,-1.5551651518935004
CUST0342,23,66.03433063850859,35.407101614848145,5,81,53.14047517369815,1,3.070237029010421,-0.5400174898029242
CUST0015,18,52.70700903395458,88.44383045723464,17,27,102.23909989428513,3,-0.25690022726843087,-1.9547294167422486
CUST0564,50,66.54753885791797,72.32418451664955,24,1,147.91888330770595,0,-1.9033640439337798,-0.2486771914162986
CUST0579,57,79.34783502936074,82.58144419463473,22,8,117.76936557525818,0,-1.9857477155231187,0.033649721337992156
CUST0209,48,105.00984831443355,49.35990515393273,7,36,218.0104938042614,2,0.12181199311572566,2.303149282743341
CUST0132,28,50.29704539616837,61.6861425779192,17,1,77.03696840619519,3,-0.23147996864324352,-1.6425137329014694
CUST0175,52,117.97013455557712,53.51769872897833,10,22,244.23063534204164,2,-0.7550499040063607,2.7676830500089347
CUST0437,36,55.93487841882151,35.114184542691476,3,77,67.03901384712789,1,2.803780939049405,-0.1374485298953104
CUST0192,50,109.70222210792127,53.371357119181106,6,39,212.87644515066214,2,0.10014888697236009,2.446181024937054
CUST0271,48,116.07142871829411,55.45319939917686,10,25,220.6540366955868,2,-0.532840511543262,2.3628006181877637
CUST0124,19,45.0818644881567,85.77256760763484,17,13,74.0360494008712,3,-0.3429721911056597,-2.3700979949028866
CUST0139,32,47.24793494188026,64.37294048515876,19,21,93.85982246038463,3,-0.1760740816017106,-1.4616943841837933
CUST0052,25,49.486276210945874,89.80284973559641,21,17,77.25932907673939,3,-0.8161501927552722,-2.208301506756629
CUST0585,50,61.76090051017363,82.33060505816495,18,23,131.06880624866338,0,-1.1978767142916091,-0.3175919032192464
CUST0113,28,19.06986127944742,65.72708663411503,19,3,108.21257801995093,3,-0.4127960517388416,-2.2592614238467092
CUST0266,46,129.5180192507142,44.50531014119872,9,50,207.35130107025714,2,0.37668015336182037,2.7783320978778026
CUST0383,27,63.81086215484975,33.55686654590074,1,85,62.9593839844681,1,3.343515160481501,-0.17392519284786803
CUST0273,44,110.83360883161501,54.43600977552727,7,32,210.6602595739832,2,0.009031753918749212,2.1609307510259983
CUST0257,50,104.49479723857822,55.22544925895303,9,25,217.9382722805846,2,-0.43896254750248836,2.1686418489079733
CUST0487,49,70.79001714786062,79.25960639313789,19,1,152.95292798295026,0,-1.7602346689641004,-0.030181015975294337
CUST0106,30,41.12612741706999,82.98279945878,17,12,76.43880559375785,3,-0.5501346466626528,-2.0219390132816217
CUST0301,46,45.815740254344945,38.01127620878013,3,64,36.210250316430624,1,2.401027653367499,-0.37949060258009953
CUST0591,53,87.13115244202858,88.77416620173194,24,6,146.02569000541024,0,-2.38684223199186,0.16263500901515363
CUST0412,48,58.90102569280483,39.836122610842935,1,74,46.57395236585093,1,2.540020410595292,0.19568032542851313
CUST0241,46,107.61949197312006,58.10862883624771,9,16,218.43326172193792,2,-0.6205459195622369,2.0354176174094416
CUST0231,49,112.57085772360219,56.068327238258256,8,26,216.64801026442223,2,-0.3815443138001607,2.3517730434971464
CUST0154,52,112.08539012659125,59.3463842322911,9,24,214.70250560783967,2,-0.637051935115842,2.343487405224905
CUST0327,28,68.99290175988811,25.55349747752924,5,74,81.96265858128656,1,2.9156154071067135,0.054318631326517444
CUST0449,41,47.56992987187149,33.48703687378373,4,78,69.33104985459073,1,2.7080812829693257,-0.15831550862104965
CUST0393,32,55.80729281652326,51.194476986294816,4,66,47.28549107071373,1,2.2785914695393865,-0.7346349449690519
CUST0295,43,97.25605013174665,62.59643308353059,11,16,223.19794942356535,2,-0.7688418040016174,1.5821457613842114
CUST0151,47,104.99549838792376,56.00179602118326,5,31,228.69449759820364,2,-0.039145104068424655,2.334244511302897
CUST0408,28,66.99511344570182,37.84490679028528,4,79,73.35371251254763,1,2.819593539725679,-0.16298932254757895
CUST0164,54,96.0822897697752,62.15939501555553,6,10,210.88267019358352,2,-0.7499386392193468,2.0161208101446677
CUST0168,46,119.28661429902816,57.23195329779042,6,30,212.42837618157674,2,-0.13404606766482022,2.4510848450235723
CUST0493,52,81.1456577330539,77.30774984348852,26,1,137.44298781044975,0,-2.2413159722745326,-0.048308989394763295
CUST0207,47,114.90219124050056,68.38057909470163,5,32,230.08860551804096,2,-0.39062618108175523,2.439550646361656
CUST0189,46,107.92766283343437,59.551864633482204,8,15,224.24931807319214,2,-0.6374008285595664,2.1098100459697786
CUST0508,47,65.95944528767714,83.63511225282382,23,1,129.08494042216924,0,-1.9676019895511845,-0.6341753272673502
CUST0325,36,59.85032994843282,35.17972714249637,1,57,99.31189636544963,1,2.3616699216188572,0.23448840799764997
CUST0146,32,39.456723237914765,83.3573803906403,16,2,94.73064831384464,3,-0.8201282814159834,-1.838984319956098
CUST0384,31,64.04376127333302,45.98278779741224,3,63,64.66963010164328,1,2.3256906156554735,-0.32745190259721774
CUST0227,42,112.42108372191227,73.55463631985356,12,12,211.9605483232893,2,-1.2020215236813248,1.6313663323784207
CUST0217,40,129.2273246819062,54.110191509210395,8,25,224.97970495853522,2,-0.2518715726800525,2.5299815483534864
CUST0482,62,58.03439877891947,76.73401270132922,23,1,90.95294368259053,0,-1.948698093633871,-0.5340401155068117
CUST0505,51,62.86261042662657,95.87949260669447,20,1,122.47323710782702,0,-2.130911539813381,-0.6598122437847194
CUST0299,53,111.7913130725173,44.06497041267663,10,34,236.14010707897899,2,-0.2215449932682799,2.746442925421336
CUST0573,51,64.05347968933752,85.92966132329597,23,8,134.81178588899027,0,-1.9936574946832082,-0.4895365706625325
CUST0418,31,58.92576670250957,34.47093908299342,1,52,41.51215027847236,1,2.654591974248837,-0.4752486300943565
CUST0576,62,75.84603033017184,87.91722521379737,24,13,134.30433781452564,0,-2.3310094597058004,0.14527002631979297
CUST0458,52,73.15580299855799,69.62156808849308,22,7,124.35548912612506,0,-1.5511946047433187,-0.08371290952843219
CUST0176,35,106.0499473347095,53.96143440213259,7,33,215.1651929618299,2,0.2640473929230509,1.770026746845354
CUST0539,49,61.884126699796525,66.391185087691,22,11,129.26455988742944,0,-1.2785956179296718,-0.36952381752994923
CUST0499,54,72.70041984479715,85.40391946592185,21,10,127.25274293420058,0,-1.8847951573843267,-0.14369471984968618
CUST0230,49,112.63009928242785,52.527068286379986,7,18,247.57275515192683,2,-0.5247050434439621,2.6705641916926903
CUST0580,49,76.59848346974971,78.70805484350255,23,13,114.00647602151162,0,-1.626325270303141,-0.32355918933445826
CUST0281,43,111.43915320922783,67.24600665874958,9,28,198.9052380449225,2,-0.465971830548125,1.7872248594982174
CUST0410,35,61.548719290940355,34.99433124338683,4,59,68.29876829977175,1,2.355855626749356,-0.13218851594294073
CUST0229,35,109.48689322725606,56.536392931920254,7,19,225.5093097010201,2,-0.15525105136172523,1.8566904755479305
CUST0101,19,34.91292836531964,65.24457872964507,18,3,75.65289210362853,3,-0.0493621141522515,-2.4286413391721045
CUST0291,55,110.84300404916767,56.28459184839892,6,25,191.87241295531382,2,-0.3007004242159656,2.3816161297706766
CUST0534,45,82.64240446590202,73.06250830634399,25,13,111.41420946210036,0,-1.5385774708838764,-0.3480844572638563
CUST0367,41,57.883881269515115,28.513139910317292,5,63,48.987393018322564,1,2.4943193666631545,-0.11602962835935578
CUST0054,31,53.43041641627922,76.72049176029259,19,1,78.06587066942436,3,-0.8457286675020993,-1.7130101410987646
CUST0228,30,103.96579319984514,58.14654271515497,5,34,232.12086697421717,2,0.37062608575189165,1.7150421689465682
CUST0578,51,68.22947218027412,92.54641859882136,22,16,120.42575910207259,0,-1.8866715251131785,-0.5231389399678164
CUST0599,48,77.67341133795918,81.11467705154136,19,1,135.04217444539344,0,-1.7389460136444823,-0.07434328355652431
CUST0155,46,105.59755876923664,55.39088056260564,6,23,225.07725765192538,2,-0.22062309124609938,2.2198197487383067
CUST0252,50,92.77287909117028,62.93633879629218,11,35,230.1681297929636,2,-0.5607873795545311,1.8527954404600417
CUST0276,47,107.7545993850658,39.19626746916903,9,33,200.1996623316894,2,0.27308982844639673,2.2184844283484555
CUST0159,48,114.34880123675546,43.779157825602454,5,25,204.90186152080537,2,0.18370909768137894,2.5227032991279934
CUST0272,41,112.249531391755,59.237542034853846,6,13,245.4257656064613,2,-0.5276191006514862,2.2922488286326894
CUST0045,19,46.385447406809455,74.23169355505341,21,6,68.78415189387607,3,-0.4475359412717562,-2.4219608214456922
CUST0590,51,94.29341340462737,79.85887127280965,21,7,124.05655482847361,0,-1.823971269968257,0.3077854555912609
CUST0114,42,36.80489886932568,88.22141457518808,17,11,111.93816509643283,3,-1.1305698986357462,-1.461687888523809
CUST0445,38,68.31289429936214,47.93770059974899,3,89,65.00789949852802,1,2.62399095194045,0.10801405550572438
CUST0212,52,111.73946298543778,55.60804313129929,9,19,218.19428254069604,2,-0.6586863551983043,2.391867831296179
CUST0109,29,48.550555425169826,78.9623650536952,18,1,76.71665433578544,3,-0.7569908631516058,-1.9050475309762975
CUST0321,34,64.7484537782469,54.30092337290333,4,78,60.573569924400424,1,2.2979462803758826,-0.32115171395777403
CUST0170,46,112.77203105384572,72.1611930221871,6,39,228.2010035230207,2,-0.36704308842811467,2.2771705850194177
CUST0080,18,50.4367819914774,71.53361371715879,16,18,80.7732308670924,3,0.16281873165534658,-1.9820142175185602
CUST0051,29,47.86229888278626,80.48726052478403,19,22,99.07425708963997,3,-0.5218084839312966,-1.7050211227770997
CUST0085,23,62.1515527146026,71.92693870757041,16,1,84.47972668919829,3,-0.39569625142863496,-1.5552133299506865
CUST0009,25,35.46957202237881,82.37677904936031,16,1,72.1246332972818,3,-0.52751515658919,-2.373580122955314
CUST0033,27,36.4328600155111,78.6064364655498,14,6,90.70296776508945,3,-0.32546290060427363,-1.9750622001674523
CUST0100,26,48.23985368768764,87.90253049578769,16,6,77.03504567497274,3,-0.6736534871127547,-2.0314406700071985
CUST0110,27,51.19707242743469,82.11551067247,17,21,94.49397726633266,3,-0.3963138885815294,-1.681186734838153
CUST0137,23,43.785719239715334,91.02892436457033,17,10,93.75892277988946,3,-0.7171964956437866,-2.165853005432368
CUST0331,39,52.22674612366971,38.50780591047782,1,74,65.58158208910294,1,2.741958798851494,-0.11010530768511755
CUST0223,50,115.10984177623348,46.261497882619366,7,27,231.08215721331254,2,-0.1410442890393771,2.7380828611363075
CUST0029,24,42.88274533409635,82.99295853641723,24,8,83.8834985634993,3,-1.004718388861554,-2.4154875465669368
CUST0288,36,108.2029348000238,52.580242508094976,4,28,208.71765391614124,2,0.3927025417355704,1.916493123794128
CUST0523,50,73.44242163106655,83.61863037138242,24,16,115.51502794715188,0,-1.7732589957200235,-0.439900661588303
CUST0056,33,37.49739968067902,69.97976508289753,17,8,80.3624181479704,3,-0.37182478629218074,-1.8241676380702059
CUST0157,36,109.79556743206844,49.38406649754596,6,30,222.5269146440442,2,0.31221813258994263,2.044611447243229
CUST0527,50,74.07016765502433,88.20124395227826,20,2,127.03093406522977,0,-1.9637149172010575,-0.2825489412942256
CUST0538,44,73.16361075711723,91.75176631834931,19,5,117.81396476593869,0,-1.73419343651476,-0.5925783835470286
CUST0311,32,59.56084799506971,30.647087983086458,4,76,44.791560715611936,1,3.006273948352863,-0.37029758790665696
CUST0049,30,45.465669747568,72.2524462299805,16,6,85.42477564195691,3,-0.39223066680597635,-1.690055856486302
CUST0084,24,39.78719721915346,73.79395982655392,15,11,73.48303652343807,3,-0.03426264510155585,-2.1077976922378854
CUST0492,54,57.9554681615424,83.25578368774747,23,3,126.79814830974342,0,-2.0368440722297962,-0.5869683290335475
CUST0034,21,48.85977932194548,72.58270630790311,18,4,94.15878617925735,3,-0.41469021252549476,-1.9429674070005933
CUST0036,20,50.71200395273674,76.82354094798289,15,1,101.21171088331933,3,-0.39778173119651794,-1.8211898513796811
CUST0332,36,48.963054681688554,35.15693326155192,2,61,65.83738793501894,1,2.5773247273141116,-0.34313077421638305
CUST0064,20,50.21113001044638,81.21369377679153,16,3,87.94832164767362,3,-0.4762805233006984,-2.032797072685795
CUST0414,38,59.17422597654003,31.383277337335358,6,67,45.77477993663699,1,2.5164273595376248,-0.2779832335920565
CUST0385,34,68.48167925999104,17.305104709363945,5,65,85.49936061864571,1,2.781598062266991,0.3541109038293617
CUST0531,57,81.95323673997517,91.60425326779098,21,22,152.4614752476944,0,-2.0227667033591117,0.3774441151337078
CUST0323,33,65.24720621223808,34.845916962124846,2,68,55.50485027989819,1,2.7690385558059285,-0.10903150572697255
CUST0373,33,70.8852687667092,32.44121981396125,4,63,61.257399418940416,1,2.5381078806848083,0.01178563851472106
CUST0429,41,58.884429794552005,20.06768038911507,3,86,61.430162991619625,1,3.2658087264203677,0.28726838035960356
CUST0235,44,108.04674691767481,48.7120843159364,7,28,231.99912852913076,2,-0.006984800210996553,2.331557839529802
CUST0413,38,63.12371879943112,42.05866449858728,1,74,68.95842327380078,1,2.606924800651057,0.1062724594007817
CUST0597,48,77.062020321142,76.33899284142379,25,4,115.39931742959448,0,-1.8726569446450454,-0.4189709783165982
CUST0344,35,65.66643077760851,36.951625583268005,2,75,60.87034102212593,1,2.7865273152513703,0.020244552876862203
CUST0046,23,48.08253903783069,79.8563994988611,19,5,100.79729279999356,3,-0.722208301965872,-1.9581593138566717
CUST0425,47,55.0587848365252,29.805015693428594,6,77,44.871679738856876,1,2.570680536882741,-0.0058388472250163565
CUST0304,25,54.76986929080944,44.00347827531816,3,67,65.84421266056356,1,2.645507400700927,-0.719324659134258
CUST0528,50,76.7177054653642,86.42432068681887,24,1,161.01859507245328,0,-2.372314858461547,-0.061435764149454904
CUST0178,47,106.5750787122727,53.82398398697209,10,37,242.81974077883677,2,-0.26768626683770247,2.3519884525776282
CUST0220,36,118.4052351680609,64.8887454016835,9,20,213.46770444145236,2,-0.4999037968115288,1.8306918197321407
CUST0520,50,85.36697425490411,87.54178204093488,23,6,96.74771740968903,0,-1.9902674554804163,-0.3581538591517387
CUST0297,48,109.84289760858655,34.56863092078436,12,23,215.21419096500074,2,-0.12008906351844668,2.3372114739442007
CUST0022,26,38.47351772027649,82.76125620349531,13,11,76.56299836158598,3,-0.18404538777453114,-2.075889800700606
CUST0249,41,122.75604050579977,57.13913851257522,10,25,222.84372424898115,2,-0.4486441601677746,2.2740271377828862
CUST0588,61,75.74697899421321,73.83070033951759,21,1,116.22809524875137,0,-1.9114838042222255,0.19503866686707266
CUST0421,23,67.72317987672936,32.13327878383022,3,71,49.54842272355638,1,3.0895902509042137,-0.45081313796856265
CUST0326,37,56.89185237528891,39.37695292140168,1,74,43.320494613387545,1,2.8427075999643407,-0.26965735323431433
CUST0310,40,61.785911313033274,39.825499448658746,4,60,73.86405209306744,1,2.105892569200544,0.04451843232035135
CUST0200,46,112.77190780718394,42.55283483037098,6,34,222.69372672909398,2,0.3127938608402079,2.5773019686916157
CUST0138,26,49.706537651876616,66.95918833428087,16,15,79.61061863819411,3,0.03242096981289782,-1.67854231221698
CUST0025,24,47.213526394640155,69.95186094800238,21,20,94.32714943325794,3,-0.28369719425402257,-1.8951498412372911
CUST0400,33,61.241525470871835,38.90297827896859,3,72,73.53415760679971,1,2.6209361531256925,-0.1253600118909783
CUST0444,32,50.88933505775385,22.486067106311587,2,67,57.98254823397401,1,3.149164934033594,-0.3261761900580327
CUST0185,47,113.05548361785243,48.570603456242154,9,21,202.31440313260296,2,-0.25221148040946373,2.203553187195353
CUST0206,51,101.68075258299575,45.32287185047036,6,27,216.38113518072186,2,0.05684897204941706,2.368398063961201
CUST0135,22,62.06426699725013,90.01885641676823,18,16,95.22837234439467,3,-0.7061950187742131,-1.743544085380084
CUST0300,53,120.91312343979075,53.201876784858534,9,45,220.31967473007913,2,-0.13480204465470955,2.80221973829912
CUST0117,27,58.05929043145308,90.40921580418018,13,8,89.28798086087357,3,-0.6185876931745556,-1.5569810892844447
CUST0213,46,116.96054184551004,59.31004793957095,8,5,187.40995680978946,2,-0.7222269927649912,1.9782081802039682
CUST0577,59,85.10965342123735,66.72515129994166,24,7,117.52067623758323,0,-1.8112111988482118,0.3598387762437075
CUST0595,53,67.38465231982211,85.45810360507325,19,10,148.88849859680198,0,-1.7946826364734676,-0.0471347048155553
CUST0550,53,61.95621405027888,86.63885828236106,18,1,129.46261631940305,0,-1.832602769534732,-0.3585605824918582
CUST0464,43,80.45087608354359,70.82305451909608,20,1,145.35295966278017,0,-1.4802467718753567,-0.007532439496346767
CUST0232,47,113.37536603388227,53.78024130895565,9,34,214.76024805822703,2,-0.17157656735471252,2.3046749460319975
CUST0406,37,53.44593712222802,38.77925022304302,4,63,72.81787840599924,1,2.3133429896187145,-0.2516457117688998
CUST0218,55,109.53904962373132,47.76873886828168,8,29,222.857495196686,2,-0.26405354097550654,2.6602725681269694
CUST0057,22,49.12028213766928,77.85189491206089,16,8,88.3320065745057,3,-0.3308937798654422,-1.92343786912344
CUST0318,30,58.789813730771904,27.0452050031319,4,72,69.76704362735485,1,2.9585309689518393,-0.21686423050514841
CUST0184,31,126.61398386848673,75.63767470123454,6,23,224.86538922582403,2,-0.4783529381897511,1.9452448369752697
CUST0571,50,59.701960196641785,78.1315081292277,21,1,125.53776698689225,0,-1.7171110484024,-0.5652966687533836
CUST0512,47,77.86762894567696,79.3371167649399,19,1,116.84839328182233,0,-1.5904270982764477,-0.2398929339522336
CUST0341,34,66.40327620182146,36.31808672989214,7,83,78.56157202026209,1,2.572735761800707,0.0008812623790125681
CUST0182,56,107.20593836545257,44.04157616336738,7,10,219.63706590413625,2,-0.49432019580872055,2.6217540161893917
CUST0098,29,39.77336613941031,88.8309789933233,17,1,121.82950209866341,3,-1.0966461558274079,-1.8157950429310077
CUST0115,26,42.97945478885472,80.65851209583673,20,7,75.80816964273421,3,-0.7075533251812065,-2.2316090176646273
CUST0398,44,59.92559743089109,35.15318221932602,2,67,38.91649471232037,1,2.5721968498425234,0.0038403316158400176
CUST0279,48,102.09127114279266,45.32244205727114,6,25,213.5604666322411,2,0.09837029405116586,2.2389909236379033
CUST0433,32,48.449161470931664,19.239169458305316,4,74,55.05828320479363,1,3.266934632878566,-0.4207494867922092
CUST0119,34,41.47964410642413,87.43437747251062,14,5,94.87816409009245,3,-0.785570141369606,-1.6781710888953896
CUST0021,36,37.88388456299582,78.77596771994175,17,1,95.61627903183214,3,-0.8844919126171362,-1.7124300167559692
CUST0171,51,109.62463536896652,45.4992126477639,7,34,216.4160185124546,2,0.09087279858897634,2.5500050136009005
CUST0402,32,53.0629582743128,33.47276966618161,5,77,82.78925885462652,1,2.752228789632806,-0.2723556477800271
CUST0390,34,45.847392760887054,39.70842615816576,2,54,65.96890574920214,1,2.3781842625694027,-0.573739043810502
CUST0553,54,78.73336785572864,95.19584715459136,23,6,135.2006496640738,0,-2.4194220264534265,-0.14160084282604013
CUST0055,34,33.97864505634327,77.84787033677848,16,28,78.48255658851527,3,-0.08867529528638303,-1.8716449529379682
CUST0177,41,97.547344810722,55.35049177583288,6,40,238.25737781238246,2,0.2369914652762811,2.02378141615629
CUST0328,43,67.58021169698286,43.91457355735098,1,69,74.95288160198712,1,2.285979057897193,0.4035588162586931
CUST0195,56,115.86112061772464,49.80577963947194,7,20,221.89569369319616,2,-0.4865767432995161,2.8209679919143626
CUST0199,44,117.33062139761985,56.87028729432598,10,31,227.70861774488372,2,-0.3844440502175639,2.3170440412756474
CUST0471,63,69.90153802376965,91.60209399791063,20,6,128.6290066373633,0,-2.269696924933998,0.06784731750873554
CUST0495,36,79.06614911739672,87.71687832509295,18,1,137.6724936304279,0,-1.5676751897926053,-0.4904025129435091
CUST0353,27,53.66064063200031,35.167091906367695,3,69,50.46956416761556,1,2.9380195279378407,-0.6898581354082929
CUST0183,36,107.42691959026094,54.29374361318996,12,27,206.44447208904808,2,-0.20174069014193607,1.5440391512696523
CUST0267,41,121.07418254808414,46.47909069539702,11,27,252.56414076246722,2,-0.32325484349038247,2.589897867001036
CUST0355,41,44.85108266436971,24.91868187861936,7,75,50.63481915430164,1,2.7568911662326903,-0.407107463975451
CUST0104,23,53.25972208440918,78.37584475011793,18,1,102.83524796661328,3,-0.733758501546752,-1.7723827600055397
CUST0221,45,118.84420746366388,63.73048096475415,9,31,227.69658697264123,2,-0.5241611037621712,2.3433900361713618
CUST0131,18,45.90813876200998,68.5339318986738,18,9,122.90398638810433,3,-0.24536491473596245,-1.8056631559919714
CUST0354,40,57.53630776288768,36.84560724574947,4,64,42.155000113644576,1,2.425096505914595,-0.2799383397800284
CUST0372,33,62.21901550366553,34.39239181085982,5,88,71.83585031063278,1,2.9361685448647536,-0.07478472937680214
CUST0339,34,54.86814723821638,25.087143394768795,2,66,47.99942153403531,1,3.0372963260227555,-0.2790898107185445
CUST0506,49,81.00463334017412,75.14582324938566,20,3,109.41301678173849,0,-1.5405787000561277,-0.13419113732248206
CUST0490,57,78.06391187792742,80.34710976243163,25,19,106.03601245606852,0,-1.845833384739717,-0.14389675227493884
CUST0061,25,49.56712408554534,82.15477211392938,18,3,82.19692533757961,3,-0.7292481762753316,-2.007928785932205
CUST0095,25,35.39762874355379,87.4355209657703,13,12,87.49678312319584,3,-0.2916942095052464,-2.1470539670947306
CUST0194,44,110.4155670864584,46.88194615445707,8,21,199.81030479629877,2,-0.04428929728396976,2.069418699574867
CUST0141,29,43.3350219971418,81.07252359151445,18,1,97.30723271796046,3,-0.8756648512621544,-1.8818935444525315
CUST0417,30,40.48946273378857,31.506242111675235,2,70,72.72261319000002,1,3.015091998207812,-0.6259992005692762
CUST0149,31,51.50289695071168,73.88906466130645,17,3,103.09763449762535,3,-0.6957066781251303,-1.4247844233259244
CUST0477,58,67.50794900168323,83.52339111940046,19,4,144.667233245293,0,-1.9732264151890637,0.09910806035556517
CUST0203,37,126.70699763824582,39.050114859428355,10,17,229.52082202842655,2,-0.10241081849673658,2.4781471374404194
CUST0153,45,113.95224149026191,55.97838002425827,9,18,222.91576452366004,2,-0.5506892891259147,2.2276559686423076
CUST0378,33,69.9115708235155,36.4779246311658,3,81,70.46854908808541,1,2.841233558358047,0.12602107219939337
CUST0392,35,56.72574049509517,38.697381328655545,4,64,56.729311569114394,1,2.4390706523614822,-0.3763517356272742
CUST0338,35,64.12942629691966,47.3921612119615,3,76,56.955290439065145,1,2.4961644390416162,-0.21523654317434232
CUST0381,40,66.45698077309848,33.47968771998804,3,65,64.44863317711143,1,2.4589233985326846,0.2148006122582528
CUST0536,49,86.78136540600785,84.47999186532444,22,1,153.91663587623796,0,-2.180558993425498,0.18965186901338385
CUST0011,25,37.20254663818143,76.25855037418224,21,13,76.36543260643339,3,-0.4876862579225896,-2.3648445953710757
CUST0270,47,116.82732447024246,53.50422957611643,8,34,228.27228064060702,2,-0.17260314563459758,2.54757628696123
CUST0097,29,41.20043751071235,64.29492376727298,19,10,89.33752965861727,3,-0.28061824944701796,-1.7982496607236622
CUST0211,48,108.47454079389323,59.46661530017378,10,24,236.60621003930459,2,-0.6891788549005274,2.2601645355218913
CUST0594,44,73.30232824079079,77.1774347537283,22,17,107.80833665290413,0,-1.271387294056613,-0.5635002101320687
CUST0558,47,73.10755770224843,86.5791224894054,20,6,131.84617302484273,0,-1.7824953397697472,-0.3363778079130858
CUST0333,40,54.986262203280276,40.38288988773456,6,69,59.20319020473682,1,2.240355441848888,-0.2972651743443744
CUST0076,32,53.71160477573893,71.8612194968956,14,1,106.80076715676552,3,-0.5327610964978442,-1.1698772667832864
CUST0078,26,36.37804177656555,79.46673604590681,18,22,77.15709959270097,3,-0.20274541420638498,-2.2312974123357905
CUST0264,40,96.83681002434487,59.462482450814896,6,24,195.97051282154248,2,0.011527424244450914,1.4932416094408822
CUST0150,29,50.037030735388896,69.52629182488839,18,1,72.74596493519147,3,-0.5047850392548241,-1.7857951034583328
CUST0515,53,80.48406191032163,69.88423752655386,23,1,136.52155096835338,0,-1.8640338285236824,0.1711407423912437
CUST0562,48,70.1312822140824,79.73488882604987,22,1,118.6485403447611,0,-1.7986379181159173,-0.4989639881061536
CUST0470,52,84.8318440199125,86.41392639928736,21,23,126.72020083847445,0,-1.6489921616638488,0.11577980727591224
CUST0462,61,78.87101320950431,92.60637318033753,22,8,158.4593304215967,0,-2.5156974228845783,0.39099371449016374
CUST0254,41,99.41528165274002,48.95403872405724,13,18,192.54050654715314,2,-0.34099559059030304,1.399443073481923
CUST0370,32,50.08593284117222,38.73086699557068,1,68,81.83733483220149,1,2.720631793233901,-0.2995006519237703
CUST0322,35,36.476890922685755,41.27683430318419,3,79,38.27112878049684,1,2.932732711265838,-0.9663793648783453
CUST0152,42,113.16642826749927,51.564755670997975,4,20,224.8869447487325,2,0.011789410366605298,2.3734359071474738
CUST0303,30,52.75414159309905,28.042695349802443,1,65,88.06447763057673,1,2.940683727819559,-0.1313216791777651
CUST0191,37,109.42718992468748,51.966978072100105,8,24,228.80040702212912,2,-0.06458183273927261,1.9927253362963477
CUST0349,40,58.69546428844989,34.17396191880762,5,63,78.00118434640292,1,2.2424035718803093,0.04754162998039638
CUST0244,40,111.00461162777233,61.70792619561313,5,32,237.42817453912286,2,-0.06262882252627262,2.2392870247969983
CUST0088,29,46.49163451815542,93.00936671372709,17,5,70.02468938891813,3,-0.9269415134019834,-2.1330287815393736
CUST0544,46,73.47597515201751,85.35687977619294,24,4,113.83935884522863,0,-1.963201967248807,-0.6651048766035295
CUST0419,33,71.38198508879952,51.79777431333213,1,68,68.28449906519285,1,2.3160226183181694,-0.02023354152805374
CUST0289,46,114.40041679219641,51.89458545167017,4,41,224.7876176562877,2,0.33737389569382054,2.6239533509927275
CUST0167,48,99.64254819423276,49.612075006049054,7,37,205.01046651557633,2,0.21932064373824617,2.0604903733422497
CUST0561,51,68.40388670777861,72.70572924870109,21,1,133.49180114410245,0,-1.6795982391664739,-0.18046761487532095
CUST0156,45,104.62701305649558,55.32473352963106,2,21,215.56897884791456,2,0.0818159010138188,2.225784686688412
CUST0357,43,60.00964380289779,31.998428957408503,5,65,50.92883003192681,1,2.3790544421728326,-0.011010356081165733
CUST0382,44,52.21163040236425,32.140436617516585,3,83,66.94777192901377,1,2.829444416757991,0.11717524459941142
CUST0280,38,101.17128546227383,59.79942983996963,7,31,209.61368530189216,2,0.04809213813439056,1.6298692594168196
CUST0127,22,46.59247756458776,70.28061231535916,18,8,77.23583051445743,3,-0.21154383800079596,-2.0642050909572878
CUST0023,28,44.383186324687166,71.45423453413223,14,23,94.48611608583282,3,0.13178920034516609,-1.556750398453148
CUST0283,47,117.3465328480185,53.29245703255834,11,19,197.42919438953496,2,-0.5504710910758516,2.123185560684258
CUST0472,48,78.66709362841188,78.2947091033168,23,1,128.78682253201808,0,-1.9158055391502948,-0.22321020464277735
CUST0368,41,43.96910108474597,24.93937712868307,2,70,61.22993334620341,1,2.9499968576685798,-0.16439598313112697
CUST0026,28,51.61746599228819,68.28649109769815,17,3,61.446629201643155,3,-0.2975054929154962,-1.8183032732556952
CUST0197,35,110.62908152252872,55.27266774607381,5,17,204.99503013091638,2,0.05560244520593469,1.793211435589412
CUST0065,32,42.47784604287723,83.5211519336889,16,2,100.47766809202952,3,-0.8642819611494841,-1.7175013923259028
CUST0016,24,48.30224741549198,78.16803073306207,17,9,74.45235362311169,3,-0.3699156915992917,-2.029927146246049
CUST0467,55,68.29131361242216,69.84523139618526,21,4,123.82264946554514,0,-1.597986723869732,-0.07605503641592458
CUST0298,35,114.41991963533718,62.47455928991419,10,32,208.05961214794766,2,-0.18890138118588262,1.6888641603825698
CUST0337,28,65.80076629478398,35.814850362095896,5,68,40.211292081018485,1,2.725875285221845,-0.5338286416793606
CUST0027,21,45.10401513502325,87.26488698800054,19,1,74.09294236262697,3,-0.81552762216796,-2.4400164120652104
CUST0044,26,35.03408977030409,73.94445459703095,16,1,65.84877136269536,3,-0.30581565799609683,-2.2979244526693443
CUST0498,45,88.79757319808887,79.30996209055142,18,17,129.27867239003842,0,-1.248527465608573,0.16483071866327972
CUST0516,56,89.7888706663713,84.5727456907139,25,20,137.13146023789935,0,-2.1027230999828044,0.32682487985980685
CUST0572,57,74.45092763131625,77.10266466276144,20,4,149.6797560786092,0,-1.908109434021027,0.31765358494119894
CUST0455,53,84.74367321844447,86.45242499627007,19,13,86.05826964996598,0,-1.5679830236523171,-0.16281206218409636
CUST0388,37,55.92829099434001,32.866781366124684,4,69,74.11965871151224,1,2.5719557629226353,-0.08286039551696375
CUST0072,37,30.061878459266016,81.9839863299636,19,1,106.1402116027837,3,-1.1346309731875481,-1.8947848094899649
CUST0543,49,80.12383836160659,81.24433028446398,18,4,143.19125561706105,0,-1.6838810245345797,0.14034584903157565
CUST0457,52,69.25664887401919,85.8882903153411,19,9,146.33154481325008,0,-1.8002455883293882,-0.06828081843995593
CUST0432,37,64.80965399143292,41.32500479330215,2,62,55.469317507652036,1,2.3832985718147994,-0.08062438952014982
CUST0265,55,118.18056345607712,55.08282095874704,6,23,216.30906267805076,2,-0.45433342858629944,2.7788490776682426
CUST0210,47,125.31225083093429,54.553847378738354,7,22,205.38206042994037,2,-0.3225730921258089,2.537336571014698
CUST0317,22,58.42129263754139,33.17120067727985,1,74,45.062769078146566,1,3.350671115017275,-0.6772135965895844
CUST0514,48,81.06337479938895,77.76534310041303,25,1,103.78545235257607,0,-1.9404348734645358,-0.4502084154032227
CUST0314,40,65.16172468760045,26.982500353748218,1,62,63.830756335114756,1,2.7081584011934905,0.3237393950263244
CUST0535,49,82.00837434023835,80.51323398245802,19,13,161.43765252713737,0,-1.6349694956600516,0.3491697198672644
CUST0320,29,69.07016077493651,33.47177789919865,3,59,56.480691450638794,1,2.6232376869665393,-0.206813505536545
CUST0008,32,48.7906633672943,73.26742888931336,15,1,87.77254185542311,3,-0.5293993360566468,-1.5102657835391604
CUST0394,34,61.21883897626978,24.094607963257516,2,81,50.21866667110409,1,3.3338488530704113,-0.03341936313830893
CUST0142,35,41.05599252272934,77.73844201524726,17,1,92.60911046660947,3,-0.8360024755717502,-1.6834772448142343
CUST0087,33,28.798859306739143,80.73404780621728,16,6,108.25750739221115,3,-0.7008462909939054,-1.8999282345247062
CUST0479,47,77.33754182661099,77.92154645447295,23,1,147.30385514975387,0,-1.9564763603571156,-0.1276461807289215
CUST0504,51,77.63606988458407,75.72997183100458,24,5,130.76796852821627,0,-1.9111333007138152,-0.11521773267599084
CUST0216,53,112.9196880197298,43.69028402476016,9,22,218.6420007654376,2,-0.32250752733743404,2.6199107611736605
CUST0581,41,77.11216065066937,81.2861267662284,20,8,161.87157104525443,0,-1.6105520634576838,-0.12121275543871092
CUST0563,62,70.76817833548787,79.59312202287339,20,20,97.1511744253217,0,-1.512701077655774,-0.014005894028368066
CUST0399,38,57.376842267896656,29.868104727645523,5,76,60.234275009244044,1,2.7559289964371456,-0.10510534408541623
CUST0491,54,76.1300571206997,86.88172935671378,21,10,125.09474023585344,0,-1.930080296086924,-0.09650589486701525
CUST0253,45,104.88830601848399,53.60032194643673,8,19,210.18886475308864,2,-0.3008414469310163,1.9679210036933128
CUST0469,48,79.27853869076728,78.39072913272801,21,13,123.18178421884834,0,-1.511348440855293,-0.1335922161179241
CUST0358,33,53.463290951454475,32.45827922595013,3,71,26.916509143513963,1,3.0075933387032032,-0.6411776910575222
CUST0255,49,123.13612128109095,59.29207874856323,9,21,227.6680389928747,2,-0.7361598838362037,2.6075201010651647
CUST0277,45,96.45634548643692,47.485316849449966,7,21,210.8234636364207,2,0.004127946833815037,1.8888800405947794
CUST0179,54,122.00607832507448,62.71103293435928,6,21,234.97466347221942,2,-0.7678133927628199,2.8950651414300568
CUST0282,34,121.1360182907568,64.75009481357853,7,18,218.75341641056957,2,-0.39007440700797663,1.9426099142105167
CUST0391,38,54.442294951287536,22.21500518493002,5,69,87.13959524599665,1,2.7033973552968567,0.12199683638426569
CUST0509,45,71.39989713603349,72.3828037913913,23,8,137.50360704154855,0,-1.54830387799432,-0.33312869012053464
CUST0584,50,77.30978930260018,93.95950581962589,23,4,111.65657470666655,0,-2.2222712049978366,-0.5147627066418
CUST0130,24,41.91749122510592,63.930084108615084,20,1,102.82589910172126,3,-0.4675846333726417,-1.9128188571184503
CUST0145,29,47.85612388772038,67.56424399596118,20,12,105.7323848655629,3,-0.49519677027593784,-1.5653240636240378
CUST0073,27,50.49008152299611,89.60914886236033,16,5,119.48347185428875,3,-0.9592492911169423,-1.6002919524938168
CUST0236,38,117.71269734630685,44.35013637153777,8,30,195.7553408734512,2,0.33534484102125073,2.0651638617554977
CUST0038,18,44.417368698745015,75.42891326677605,15,8,91.88770118842655,3,-0.0962761580953809,-2.0827000563641342
